Workbook

Sheet Orders
A1: Order | B1: Date | C1: Region | D1: Sales Rep | E1: Product | F1: Units | G1: Unit Price | H1: Total | I1: Status
A2: 1001 | B2: 45295 | C2: West | D2: Eli Novak | E2: Doohickey | F2: 9 | G2: 3.5 | H2: =F2*G2 -> $31.50 | I2: Shipped
A3: 1002 | B3: 45301 | C3: North | D3: Chen Wei | E3: Gizmo | F3: 8 | G3: 42 | H3: =F3*G3 -> $336.00 | I3: Returned
A4: 1003 | B4: 45312 | C4: North | D4: Eli Novak | E4: Gadget | F4: 14 | G4: 120 | H4: =F4*G4 -> $1,680.00 | I4: Pending
A5: 1004 | B5: 45316 | C5: South | D5: Dana Kim | E5: Sprocket | F5: 30 | G5: 7.25 | H5: =F5*G5 -> $217.50 | I5: Shipped
A6: 1005 | B6: 45325 | C6: South | D6: Chen Wei | E6: Gizmo | F6: 36 | G6: 42 | H6: =F6*G6 -> $1,512.00 | I6: Returned
A7: 1006 | B7: 45330 | C7: North | D7: Eli Novak | E7: Gadget | F7: 25 | G7: 120 | H7: =F7*G7 -> $3,000.00 | I7: Returned
A8: 1007 | B8: 45336 | C8: North | D8: Eli Novak | E8: Doohickey | F8: 4 | G8: 3.5 | H8: =F8*G8 -> $14.00 | I8: Pending
A9: 1008 | B9: 45346 | C9: North | D9: Chen Wei | E9: Doohickey | F9: 38 | G9: 3.5 | H9: =F9*G9 -> $133.00 | I9: Shipped
A10: 1009 | B10: 45353 | C10: South | D10: Chen Wei | E10: Doohickey | F10: 22 | G10: 3.5 | H10: =F10*G10 -> $77.00 | I10: Shipped
A11: 1010 | B11: 45361 | C11: North | D11: Chen Wei | E11: Sprocket | F11: 17 | G11: 7.25 | H11: =F11*G11 -> $123.25 | I11: Shipped
A12: 1011 | B12: 45366 | C12: South | D12: Chen Wei | E12: Gadget | F12: 27 | G12: 120 | H12: =F12*G12 -> $3,240.00 | I12: Shipped
A13: 1012 | B13: 45375 | C13: West | D13: Ana Ruiz | E13: Sprocket | F13: 25 | G13: 7.25 | H13: =F13*G13 -> $181.25 | I13: Shipped
... A49: 1048 | B49: 45623 | C49: South | D49: Dana Kim | E49: Widget | F49: 25 | G49: 19.99 | H49: =F49*G49 -> $499.75 | I49: Returned

Sheet Summary
A1: Region | B1: Revenue | C1: Orders | D1: Avg. order
A2: West | B2: =SUMIF(Orders!C$2:C$49,A2,Orders!H$2:H$49) -> $9,439.30 | C2: =COUNTIF(Orders!C$2:C$49,A2) -> 10 | D2: =ROUND(B2/C2,2) -> $943.93
A3: East | B3: =SUMIF(Orders!C$2:C$49,A3,Orders!H$2:H$49) -> $6,570.89 | C3: =COUNTIF(Orders!C$2:C$49,A3) -> 11 | D3: =ROUND(B3/C3,2) -> $597.35
A4: North | B4: =SUMIF(Orders!C$2:C$49,A4,Orders!H$2:H$49) -> $7,837.00 | C4: =COUNTIF(Orders!C$2:C$49,A4) -> 15 | D4: =ROUND(B4/C4,2) -> $522.47
A5: South | B5: =SUMIF(Orders!C$2:C$49,A5,Orders!H$2:H$49) -> $11,192.70 | C5: =COUNTIF(Orders!C$2:C$49,A5) -> 12 | D5: =ROUND(B5/C5,2) -> $932.73
A6: Total | B6: =SUM(B2:B5) -> $35,039.89 | C6: =SUM(C2:C5) -> 48 | D6: =ROUND(B6/C6,2) -> $730.00
A8: Best region | B8: =INDEX(A2:A5,MATCH(MAX(B2:B5),B2:B5,0)) -> South
